Workbook

Sheet Hume Round 1 70.3
A1: First Name | B1: Surname | C1: TA Number | D1: Category | E1: Category Finish Place | F1: Club Name | G1: Performance points Participation points or both
A2: Scott | B2: Donaldson | C2: TA102036 | D2: Male 40-44 | E2: 8 | F2: Wagga Triathlon Club | G2: Per P & Part P

Sheet Hume Round 1 Standard
A1: First Name | B1: Surname | C1: TA Number | D1: Category | E1: Category Finish Place | F1: Club Name | G1: Performance points Participation points or both
A2: Adam | B2: McDonnell | C2: TA138853 | D2: Male 30-34 | E2: 6 | F2: Yass Valley Triathlon Club | G2: Per P & Part P
A3: Rory | B3: Pearsall | C3: TA133321 | D3: Male 30-34 | E3: 15 | F3: Yass Valley Triathlon Club | G3: Per P & Part P
A4: Michael | B4: McGillion | C4: TA129006 | D4: Male 40-44 | E4: 8 | F4: Goulburn Triathlon Club | G4: Per P & Part P
A5: Carolina | B5: Merriman | C5: TA139946 | D5: Female 30-34 | E5: 20 | F5: Yass Valley Triathlon Club | G5: Per P & Part P
A6: Brodie | B6: Mason | C6: Ta128635 | D6: Male 30-34 | E6: 22 | F6: Goulburn Triathlon Club | G6: Per P & Part P

Sheet Standard Aquabike
A1: First Name | B1: Surname | C1: TA Number | D1: Category | E1: Category Finish Place | F1: Club Name | G1: Performance points Participation points or both
A2: Clifford | B2: Brown | C2: TA135859 | D2: Male 50-54 | E2: 2 | F2: Goulburn Triathlon Club | G2: Per P & Part P

Sheet Hume Round 1 Sprint
A1: First Name | B1: Surname | C1: TA Number | D1: Category | E1: Category Finish Place | F1: Club Name | G1: Performance points Participation points or both
A2: Drew | B2: Macarthur | C2: TA131604 | D2: Female 30-34 | E2: 4 | F2: Yass Valley Triathlon Club | G2: Per P & Part P
A3: Jessica | B3: Goode | C3: TA131675 | D3: Female 30-34 | E3: 12 | F3: Yass Valley Triathlon Club | G3: Per P & Part P

Sheet Hume Round 1 Super Sprint
A1: First Name | B1: Surname | C1: TA Number | D1: Category | E1: Category Finish Place | F1: Club Name | G1: Performance points Participation points or both
A2: Helen | B2: MacArthur | C2: TA131465 | D2: Female 60-64 | E2: 1 | F2: Yass Valley Triathlon Club | G2: Part P

Sheet Current ICL Eligible Number
A1: Club | B1: ICL Eligible Number | C1: 15PTS (5%) | D1: 30 PTS (10%) | E1: 45 PTS (20%)
A2: Goulburn Triathlon club | B2: 40 | C2: =B2*0.05 -> 2 | D2: =B2*0.1 -> 4 | E2: =B2*0.2 -> 8
A3: Highlands Triathlon Club | B3: 9 | C3: =B3*0.05 -> 0.45 | D3: =B3*0.1 -> 0.9 | E3: =B3*0.2 -> 1.8
A4: Leeton Triathlon Club | B4: 14 | C4: =B4*0.05 -> 0.7 | D4: =B4*0.1 -> 1.4 | E4: =B4*0.2 -> 2.8
A5: Wagga Triathlon Club | B5: 18 | C5: =B5*0.05 -> 0.9 | D5: 2.2 | E5: =B5*0.2 -> 3.6
A6: Yass Valley Triathlon Club | B6: 36 | C6: =B6*0.05 -> 1.8 | D6: =B6*0.1 -> 3.6 | E6: =B6*0.2 -> 7.2

Sheet Adams manual Calculations
B2: Number that finished Sprint | C2: Sprint Performance Total | D2: Number that finished Standard | E2: Standard Performance Total | F2: Number that finished aquabike | G2: Total that raced | H2: % of elgible | I2: Participation Points
A3: Goulburn Triathlon club | G3: =B3+D3+F3 -> 0 | H3: =G3/'Current ICL Eligible Number'!B2 -> 0 | I3: 45
A4: Highlands Triathlon Club | G4: =B4+D4+F4 -> 0 | H4: =G4/'Current ICL Eligible Number'!B3 -> 0 | I4: 45
A5: Leeton Triathlon Club | G5: =B5+D5+F5 -> 0 | H5: =G5/'Current ICL Eligible Number'!B4 -> 0 | I5: 45
A6: Wagga Triathlon Club | G6: =B6+D6+F6 -> 0 | H6: =G6/'Current ICL Eligible Number'!B5 -> 0 | I6: =H6/'Current ICL Eligible Number'!C5 -> 0
A7: Yass Valley Triathlon Club | G7: =B7+D7+F7 -> 0 | H7: =G7/'Current ICL Eligible Number'!B6 -> 0 | I7: =H7/'Current ICL Eligible Number'!C6 -> 0
B9: Total Performance Points | C9: Total Participation Points | D9: Total Round 1
A10: Goulburn Triathlon club | B10: =C4+E4 -> 0 | C10: 0 | D10: =B10+C10 -> 0
A11: Highlands Triathlon Club | B11: =C5+E5 -> 0 | C11: 0 | D11: =B11+C11 -> 0
A12: Leeton Triathlon Club | B12: =C6+E6 -> 0 | C12: 0 | D12: =B12+C12 -> 0
A13: Wagga Triathlon Club | B13: =C7+E7 -> 0 | C13: 0 | D13: =B13+C13 -> 0
A14: Yass Valley Triathlon Club | B14: =C4+E4 -> 0 | C14: 0 | D14: =B14+C14 -> 0
