Workbook

Sheet Premier League R2 Sprint
A1: First Name | B1: Surname | C1: TA Number | D1: Category | E1: Category Finish Place | F1: Club Name | G1: Performance points Participation points or both
A2: Jessica | B2: OPPENHEIM | C2: TA136204 | D2: Female 20-24 | E2: 1 | F2: Balmoral Triathlon Club | G2: Per P & Part P
A3: Ben | B3: YI | C3: TA143265 | D3: Male 40-44 | E3: 23 | F3: Concord Triathlon Club | G3: Per P & Part P
A4: Ian | B4: TATTERSALL | C4: TA47934 | D4: Male 50-54 | E4: 13 | F4: Concord Triathlon Club | G4: Per P & Part P
A5: Matthew | B5: FOSSE | C5: TA126910 | D5: Male 14-15 | E5: 1 | F5: Macarthur Triathlon Club | G5: Per P & Part P
A6: Thomas | B6: WARREN | C6: TA4022 | D6: Male 35-39 | E6: 29 | F6: Macarthur Triathlon Club | G6: Per P & Part P
A7: Daniel | B7: MURRAY | C7: TA134419 | D7: Male 35-39 | E7: 4 | F7: Manly Vipers Triathlon Club | G7: Per P & Part P
A8: Jason | B8: TURNER | C8: TA132570 | D8: Male 40-44 | E8: 11 | F8: Pulse Performance | G8: Per P & Part P
A9: Nicholas | B9: KATSILIS | C9: TA104203 | D9: Male 25-29 | E9: 2 | F9: Pulse Performance | G9: Per P & Part P
A10: Leonardo | B10: FURLAN | C10: TA132906 | D10: Male 55-59 | E10: 7 | F10: Pulse Performance | G10: Per P & Part P
A11: Matthew | B11: JOHNSTON | C11: TA112209 | D11: Male 35-39 | E11: 8 | F11: STG Triathlon Club | G11: Per P & Part P
A12: Nicholas | B12: ARMSTRONG | C12: TA131043 | D12: Male 30-34 | E12: 13 | F12: STG Triathlon Club | G12: Per P & Part P
... A19: Peter | B19: FINNEGAN | C19: TA142587 | D19: Male 50-54 | E19: 4 | F19: Warringah Triathlon Club | G19: Per P & Part P

Sheet Premier League R2 Super Sprint
A1: First Name | B1: Surname | C1: TA Number | D1: Category | E1: Category Finish Place | F1: Club Name | G1: Performance points Participation points or both
A2: Jane | B2: SPALDING | C2: TA41545 | D2: Female 65-69 | E2: 1 | F2: Concord Triathlon Club | G2: Part P
A3: Josh | B3: KIETZMANN | C3: TA135590 | D3: Male 12-13 | E3: 2 | F3: Warringah Triathlon Club | G3: Part P
A4: Erin | B4: JONES | C4: TA92208 | D4: Female 35-39 | E4: 1 | F4: Manly Vipers Triathlon Club | G4: Part P
A5: Matt | B5: BUSH | C5: TA124964 | D5: Male 35-39 | E5: 1 | F5: Manly Vipers Triathlon Club | G5: Part P

Sheet Premier League R2 Aquabike
A1: First Name | B1: Surname | C1: TA Number | D1: Category | E1: Category Finish Place | F1: Club Name | G1: Performance points Participation points or both

Sheet Current ICL Eligible Number
A1: Club | B1: ICL Eligible Number | C1: 15PTS (5%) | D1: 30 PTS (10%) | E1: 45 PTS (20%)
A2: Balance Triathlon Club | B2: 127 | C2: 6 | D2: 13 | E2: 25
A3: Balmoral Triathlon Club | B3: 152 | C3: 8 | D3: 15 | E3: 30
A4: Brighton Baths Athletic Club | B4: 42 | C4: 2 | D4: 4 | E4: 8
A5: Concord Triathlon Club | B5: 53 | C5: 3 | D5: 5 | E5: 11
A6: Cronulla Triathlon Club | B6: 207 | C6: 10 | D6: 21 | E6: 41
A7: Macarthur Triathlon Club | B7: 69 | C7: 3 | D7: 7 | E7: 14
A8: Manly Vipers Triathlon Club | B8: 33 | C8: =B8*0.05 -> 1.65 | D8: =33*0.1 -> 3.3 | E8: 7
A9: Pulse Performance | B9: 31 | C9: 2 | D9: 3 | E9: 6
A10: STG Triathlon Club | B10: 49 | C10: 2 | D10: 5 | E10: 10
A11: Warringah Triathlon Club | B11: 253 | C11: 13 | D11: 25 | E11: 51

Sheet Adams manual Calculations
B2: Number that finished Sprint | C2: Sprint Performance Total | D2: Number that finished Super Sprint | E2: Super Sprint Performance Total | F2: Number that finished aquabike | G2: Total that raced | H2: % of elgible | I2: Participation Points
A3: Balance Triathlon Club | E3: 0 | F3: 0 | G3: =B3+D3+F3 -> 0 | H3: =G3/'Current ICL Eligible Number'!#REF! -> #REF! | I3: 45
A4: Balmoral Triathlon Club | E4: 0 | F4: 0 | G4: =B4+D4+F4 -> 0 | H4: =G4/'Current ICL Eligible Number'!B2 -> 0 | I4: 30
A5: Brighton Baths Athletic Club | E5: 0 | F5: 0 | G5: =B5+D5+F5 -> 0 | H5: =G5/'Current ICL Eligible Number'!B3 -> 0 | I5: 15
A6: Concord Triathlon Club | E6: 0 | F6: 0 | G6: =B6+D6+F6 -> 0 | H6: =G6/'Current ICL Eligible Number'!B4 -> 0 | I6: 45
A7: Cronulla Triathlon Club | E7: 0 | F7: 0 | G7: =B7+D7+F7 -> 0 | H7: =G7/'Current ICL Eligible Number'!B5 -> 0 | I7: 30
A8: Macarthur Triathlon Club | E8: 0 | F8: 0 | G8: =B8+D8+F8 -> 0 | H8: =G8/'Current ICL Eligible Number'!B6 -> 0 | I8: 30
A9: Manly Vipers Triathlon Club | E9: 0 | F9: 0 | G9: =B9+D9+F9 -> 0 | H9: =G9/'Current ICL Eligible Number'!#REF! -> #REF! | I9: 28
A10: Pulse Performance | E10: 0 | F10: 0 | G10: =B10+D10+F10 -> 0 | H10: =G10/'Current ICL Eligible Number'!B8 -> 0 | I10: 26.714286
A11: STG Triathlon Club | E11: 0 | F11: 0 | G11: =B11+D11+F11 -> 0 | H11: =G11/'Current ICL Eligible Number'!B9 -> 0 | I11: 25.428571
A12: Warringah Triathlon Club | E12: 0 | F12: 0 | G12: =B12+D12+F12 -> 0 | H12: =G12/'Current ICL Eligible Number'!B10 -> 0 | I12: 24.142857
B15: Total Performance Points | C15: Total Participation Points | D15: Total Round 1
A16: Balance Triathlon Club | B16: =C3+E3 -> 0 | D16: =B16+C16 -> 0
A17: Balmoral Triathlon Club | B17: =C4+E4 -> 0 | D17: =B17+C17 -> 0
A18: Brighton Baths Athletic Club | B18: =C5+E5 -> 0 | D18: =B18+C18 -> 0
A19: Concord Triathlon Club | B19: =C6+E6 -> 0 | D19: =B19+C19 -> 0
A20: Cronulla Triathlon Club | B20: =C7+E7 -> 0 | D20: =B20+C20 -> 0
A21: Macarthur Triathlon Club | B21: =C8+E8 -> 0 | D21: =B21+C21 -> 0
A22: Manly Vipers Triathlon Club | B22: =C9+E9 -> 0 | D22: =B22+C22 -> 0
A23: Pulse Performance | B23: =C10+E10 -> 0 | D23: =B23+C23 -> 0
A24: STG Triathlon Club | B24: =C11+E11 -> 0 | D24: =B24+C24 -> 0
A25: Warringah Triathlon Club | B25: =C12+E12 -> 0 | D25: =B25+C25 -> 0
